consensus_rank,sequence,models_present,model_ids,mean_model_rank,best_model_rank,mean_plm_mean_log_likelihood,mean_delta_parent_plm_mean,parent_sequences,edit_counts,mutations_by_model,nearest_known_positive,nearest_known_positive_distance,developability_flags,mol_wt,mol_logp,tpsa,rotatable_bonds
1,MSSP,3,esm2_150m;esm2_35m;esm2_8m,2,1,-1.92188752,1.27811952,IYSP,2,esm2_150m:I1M;Y2S;esm2_35m:I1M;Y2S;esm2_8m:I1M;Y2S,AGSP,2,screen_pass,420.488,-2.9034,182.29,11
2,MLSP,3,esm2_150m;esm2_35m;esm2_8m,6,2,-2.08424767,1.11575937,IYSP,2,esm2_150m:I1M;Y2L;esm2_35m:I1M;Y2L;esm2_8m:I1M;Y2L,LSP,1,screen_pass,446.57,-0.8496,162.06,12
3,MFLLQ,3,esm2_150m;esm2_35m;esm2_8m,7,3,-2.11854089,0.74365565,MFGPQ,2,esm2_150m:G3L;P4L;esm2_35m:G3L;P4L;esm2_8m:G3L;P4L,MFGPQ,2,screen_pass,650.843,0.691,222.81,21
4,MYSL,3,esm2_150m;esm2_35m;esm2_8m,9.333,5,-2.14075343,1.05925361,IYSP,2,esm2_150m:I1M;P4L;esm2_35m:I1M;P4L;esm2_8m:I1M;P4L,IYLL,2,screen_pass,512.629,-0.4075,191.08,15
5,MFLPL,3,esm2_150m;esm2_35m;esm2_8m,11.667,8,-2.16224963,0.69994691,MFGPQ,2,esm2_150m:G3L;Q5L;esm2_35m:G3L;Q5L;esm2_8m:G3L;Q5L,MFGPQ,2,screen_pass,619.829,1.9317,170.93,17
6,MPLLQ,3,esm2_150m;esm2_35m;esm2_8m,13,6,-2.16305523,1.12761517,YPGLQ,2,esm2_150m:Y1M;G3L;esm2_35m:Y1M;G3L;esm2_8m:Y1M;G3L,YPGLQ,2,screen_pass,600.783,-0.0455,214.02,18
7,MLLPQ,3,esm2_150m;esm2_35m;esm2_8m,15.667,10,-2.19088529,0.77140026,PGLPQ,2,esm2_150m:P1M;G2L;esm2_35m:P1M;G2L;esm2_8m:P1M;G2L,MFGPQ,2,screen_pass,600.783,-0.0455,214.02,18
8,MFGLL,3,esm2_150m;esm2_35m;esm2_8m,20,6,-2.19020043,0.67199612,MFGPQ,2,esm2_150m:P4L;Q5L;esm2_35m:P4L;Q5L;esm2_8m:P4L;Q5L,MFGPQ,2,screen_pass,579.764,1.0569,179.72,18
9,MYSS,3,esm2_150m;esm2_35m;esm2_8m,20.667,13,-2.20915787,0.99084917,IYSP,2,esm2_150m:I1M;P4S;esm2_35m:I1M;P4S;esm2_8m:I1M;P4S,AGSS,2,screen_pass,486.547,-2.4613,211.31,14
10,MFFLQ,3,esm2_150m;esm2_35m;esm2_8m,21,15,-2.21179676,0.65039978,MFGPQ,2,esm2_150m:G3F;P4L;esm2_35m:G3F;P4L;esm2_8m:G3F;P4L,MDFLI,2,screen_pass,684.86,0.8876,222.81,21
11,MGLPL,3,esm2_150m;esm2_35m;esm2_8m,21.667,11,-2.21266003,0.74962552,PGLPQ,2,esm2_150m:P1M;Q5L;esm2_35m:P1M;Q5L;esm2_8m:P1M;Q5L,PGLPQ,2,screen_pass,529.704,0.3204,170.93,15
12,MYSI,3,esm2_150m;esm2_35m;esm2_8m,22,20,-2.21921372,0.98079332,IYSP,2,esm2_150m:I1M;P4I;esm2_35m:I1M;P4I;esm2_8m:I1M;P4I,IYSP,2,screen_pass,512.629,-0.4075,191.08,15
13,MPGTAA,3,esm2_150m;esm2_35m;esm2_8m,22.667,7,-2.21418381,0.91090647,SPGTAF,2,esm2_150m:S1M;F6A;esm2_35m:S1M;F6A;esm2_8m:S1M;F6A,SPGTAF,2,screen_pass,546.647,-2.8664,220.26,14
14,PGPPG,3,esm2_150m;esm2_35m;esm2_8m,22.667,9,-2.20142962,0.76085593,PGLPQ,2,esm2_150m:L3P;Q5G;esm2_35m:L3P;Q5G;esm2_8m:L3P;Q5G,PGLPQ,2,screen_pass,423.47,-1.9626,148.15,7
15,MRWPR,3,esm2_150m;esm2_35m;esm2_8m,23.667,7,-2.20560741,1.14167271,LHWPR,2,esm2_150m:L1M;H2R;esm2_35m:L1M;H2R;esm2_8m:L1M;H2R,LHWPR,2,screen_pass,744.924,-1.1527,310.52,21
16,MPGLL,3,esm2_150m;esm2_35m;esm2_8m,24.333,13,-2.22398326,1.06668714,YPGLQ,2,esm2_150m:Y1M;Q5L;esm2_35m:Y1M;Q5L;esm2_8m:Y1M;Q5L,YPGLQ,2,screen_pass,529.704,0.3204,170.93,15
17,MPSLQ,3,esm2_150m;esm2_35m;esm2_8m,27.333,22,-2.23792922,1.05274118,YPGLQ,2,esm2_150m:Y1M;G3S;esm2_35m:Y1M;G3S;esm2_8m:Y1M;G3S,YPGLQ,2,screen_pass,574.701,-2.0993,234.25,17
18,MFFPL,3,esm2_150m;esm2_35m;esm2_8m,29.667,22,-2.24590492,0.61629162,MFGPQ,2,esm2_150m:G3F;Q5L;esm2_35m:G3F;Q5L;esm2_8m:G3F;Q5L,MFGPQ,2,screen_pass,653.846,2.1283,170.93,17
19,MGLLQ,3,esm2_150m;esm2_35m;esm2_8m,30,21,-2.24942322,0.71286234,PGLPQ,2,esm2_150m:P1M;P4L;esm2_35m:P1M;P4L;esm2_8m:P1M;P4L,PGLPQ,2,screen_pass,560.718,-0.9203,222.81,19
20,PPLPL,3,esm2_150m;esm2_35m;esm2_8m,33.333,3,-2.169557,0.79272855,PGLPQ,2,esm2_150m:G2P;Q5L;esm2_35m:G2P;Q5L;esm2_8m:G2P;Q5L,PGLPQ,2,screen_pass,535.686,0.8668,148.15,11
21,MPGTAS,3,esm2_150m;esm2_35m;esm2_8m,35.333,24,-2.26586692,0.85922337,SPGTAF,2,esm2_150m:S1M;F6S;esm2_35m:S1M;F6S;esm2_8m:S1M;F6S,SPGTAF,2,screen_pass,562.646,-3.894,240.49,15
22,MFSLQ,3,esm2_150m;esm2_35m;esm2_8m,35.333,18,-2.26294931,0.59924723,MFGPQ,2,esm2_150m:G3S;P4L;esm2_35m:G3S;P4L;esm2_8m:G3S;P4L,MFGPQ,2,screen_pass,624.761,-1.3628,243.04,20
23,MFSPL,3,esm2_150m;esm2_35m;esm2_8m,37,27,-2.27482077,0.58737577,MFGPQ,2,esm2_150m:G3S;Q5L;esm2_35m:G3S;Q5L;esm2_8m:G3S;Q5L,MFGPQ,2,screen_pass,593.747,-0.1221,191.16,16
24,MPLPQ,3,esm2_150m;esm2_35m;esm2_8m,37.333,31,-2.27572276,0.68656279,PGLPQ,2,esm2_150m:P1M;G2P;esm2_35m:P1M;G2P;esm2_8m:P1M;G2P,MFGPQ,2,screen_pass,584.74,-0.5854,205.23,15
25,MFLSQ,3,esm2_150m;esm2_35m;esm2_8m,43.667,25,-2.29376119,0.56843535,MFGPQ,2,esm2_150m:G3L;P4S;esm2_35m:G3L;P4S;esm2_8m:G3L;P4S,MFGPQ,2,screen_pass,624.761,-1.3628,243.04,20
26,MSLPQ,3,esm2_150m;esm2_35m;esm2_8m,44,30,-2.29606361,0.66622194,PGLPQ,2,esm2_150m:P1M;G2S;esm2_35m:P1M;G2S;esm2_8m:P1M;G2S,SLPQ,1,screen_pass,574.701,-2.0993,234.25,17
27,MPGLG,3,esm2_150m;esm2_35m;esm2_8m,45,33,-2.29131718,0.99935322,YPGLQ,2,esm2_150m:Y1M;Q5G;esm2_35m:Y1M;Q5G;esm2_8m:Y1M;Q5G,YPGLQ,2,screen_pass,473.596,-1.0943,170.93,13
28,MGLPG,3,esm2_150m;esm2_35m;esm2_8m,45.333,37,-2.29801706,0.6642685,PGLPQ,2,esm2_150m:P1M;Q5G;esm2_35m:P1M;Q5G;esm2_8m:P1M;Q5G,PGLPQ,2,screen_pass,473.596,-1.0943,170.93,13
29,MAGLQ,3,esm2_150m;esm2_35m;esm2_8m,47.333,32,-2.31025009,0.55194645,MFGPQ,2,esm2_150m:F2A;P4L;esm2_35m:F2A;P4L;esm2_8m:F2A;P4L,MFGPQ,2,screen_pass,518.637,-1.9465,222.81,17
30,MAGPL,3,esm2_150m;esm2_35m;esm2_8m,50.667,37,-2.31443335,0.54776319,MFGPQ,2,esm2_150m:F2A;Q5L;esm2_35m:F2A;Q5L;esm2_8m:F2A;Q5L,MFGPQ,2,screen_pass,487.623,-0.7058,170.93,13
31,MASPQ,3,esm2_150m;esm2_35m;esm2_8m,51,38,-2.32474257,0.53745397,MFGPQ,2,esm2_150m:F2A;G3S;esm2_35m:F2A;G3S;esm2_8m:F2A;G3S,MFGPQ,2,screen_pass,532.62,-3.1255,234.25,15
32,MFSSQ,3,esm2_150m;esm2_35m;esm2_8m,51.333,33,-2.32098649,0.54121005,MFGPQ,2,esm2_150m:G3S;P4S;esm2_35m:G3S;P4S;esm2_8m:G3S;P4S,MFGPQ,2,screen_pass,598.679,-3.4166,263.27,19
33,PLLPL,3,esm2_150m;esm2_35m;esm2_8m,54.333,5,-2.28842805,0.6738575,PGLPQ,2,esm2_150m:G2L;Q5L;esm2_35m:G2L;Q5L;esm2_8m:G2L;Q5L,PGLPQ,2,screen_pass,551.729,1.4067,156.94,14
34,MALPQ,3,esm2_150m;esm2_35m;esm2_8m,54.333,36,-2.32632732,0.53586922,MFGPQ,2,esm2_150m:F2A;G3L;esm2_35m:F2A;G3L;esm2_8m:F2A;G3L,FALPC,2,screen_pass,558.702,-1.0717,214.02,16
35,MLPLW,3,esm2_150m;esm2_35m;esm2_8m,56.333,34,-2.3259826,0.93798326,SLPEW,2,esm2_150m:S1M;E4L;esm2_35m:S1M;E4L;esm2_8m:S1M;E4L,MLLW,1,screen_pass,658.866,2.413,186.72,17
36,MGLGQ,3,esm2_150m;esm2_35m;esm2_8m,56.667,47,-2.33530222,0.62698333,PGLPQ,2,esm2_150m:P1M;P4G;esm2_35m:P1M;P4G;esm2_8m:P1M;P4G,PGLPQ,2,screen_pass,504.61,-2.335,222.81,17
37,MLGLQ,3,esm2_150m;esm2_35m;esm2_8m,56.667,35,-2.33010229,0.53209426,MFGPQ,2,esm2_150m:F2L;P4L;esm2_35m:F2L;P4L;esm2_8m:F2L;P4L,MFGPQ,2,screen_pass,560.718,-0.9203,222.81,19
38,MLSPQ,3,esm2_150m;esm2_35m;esm2_8m,59,52,-2.33777529,0.52442125,MFGPQ,2,esm2_150m:F2L;G3S;esm2_35m:F2L;G3S;esm2_8m:F2L;G3S,VLSPQ,1,screen_pass,574.701,-2.0993,234.25,17
39,MLPSW,3,esm2_150m;esm2_35m;esm2_8m,60.667,40,-2.34154911,0.92241675,SLPEW,2,esm2_150m:S1M;E4S;esm2_35m:S1M;E4S;esm2_8m:S1M;E4S,MLPAY,2,screen_pass,632.784,0.3592,206.95,16
40,MFGSL,3,esm2_150m;esm2_35m;esm2_8m,65.333,58,-2.36043542,0.50176112,MFGPQ,2,esm2_150m:P4S;Q5L;esm2_35m:P4S;Q5L;esm2_8m:P4S;Q5L,MFGPQ,2,screen_pass,553.682,-0.9969,199.95,17
41,MAGSQ,3,esm2_150m;esm2_35m;esm2_8m,66.667,54,-2.3574063,0.50479024,MFGPQ,2,esm2_150m:F2A;P4S;esm2_35m:F2A;P4S;esm2_8m:F2A;P4S,MFGPQ,2,screen_pass,492.555,-4.0003,243.04,16
42,MGLSQ,3,esm2_150m;esm2_35m;esm2_8m,71,49,-2.37054221,0.59174334,PGLPQ,2,esm2_150m:P1M;P4S;esm2_35m:P1M;P4S;esm2_8m:P1M;P4S,PGLPQ,2,screen_pass,534.636,-2.9741,243.04,18
43,MFFSQ,3,esm2_150m;esm2_35m;esm2_8m,71.333,68,-2.37471129,0.48748525,MFGPQ,2,esm2_150m:G3F;P4S;esm2_35m:G3F;P4S;esm2_8m:G3F;P4S,MFGPQ,2,screen_pass,658.778,-1.1662,243.04,20
44,MGGLQ,3,esm2_150m;esm2_35m;esm2_8m,72.667,68,-2.37803027,0.60567417,MFGPQ;YPGLQ,2,esm2_150m:Y1M;P2G;esm2_35m:F2G;P4L;esm2_8m:F2G;P4L,MFGPQ,2,screen_pass,504.61,-2.335,222.81,17
45,MHLPR,3,esm2_150m;esm2_35m;esm2_8m,78.667,60,-2.38506069,0.96221943,LHWPR,2,esm2_150m:L1M;W3L;esm2_35m:L1M;W3L;esm2_8m:L1M;W3L,LHLPS,2,screen_pass,652.823,-1.128,261.51,19
46,MPPASTK,3,esm2_150m;esm2_35m;esm2_8m,80.333,61,-2.39685876,0.81777373,IPPAYTK,2,esm2_150m:I1M;Y5S;esm2_35m:I1M;Y5S;esm2_8m:I1M;Y5S,IPPAYTK,2,screen_pass,730.886,-3.4054,286.82,20
47,MLGPL,3,esm2_150m;esm2_35m;esm2_8m,80.333,63,-2.39590581,0.46629073,MFGPQ,2,esm2_150m:F2L;Q5L;esm2_35m:F2L;Q5L;esm2_8m:F2L;Q5L,MFGPQ,2,screen_pass,529.704,0.3204,170.93,15
48,MLWPR,3,esm2_150m;esm2_35m;esm2_8m,84,62,-2.41800792,0.92927221,LHWPR,2,esm2_150m:L1M;H2L;esm2_35m:L1M;H2L;esm2_8m:L1M;H2L,LHWPR,2,screen_pass,701.895,0.6302,248.62,19
49,MYLP,3,esm2_150m;esm2_35m;esm2_8m,86.667,73,-2.41438031,0.78562673,IYSP,2,esm2_150m:I1M;S3L;esm2_35m:I1M;S3L;esm2_8m:I1M;S3L,AGLP,2,screen_pass,522.668,1.1064,162.06,13
50,MLGSQ,3,esm2_150m;esm2_35m;esm2_8m,86.667,70,-2.41009776,0.45209878,MFGPQ,2,esm2_150m:F2L;P4S;esm2_35m:F2L;P4S;esm2_8m:F2L;P4S,MFGPQ,2,screen_pass,534.636,-2.9741,243.04,18
51,MHRPR,3,esm2_150m;esm2_35m;esm2_8m,87.333,80,-2.42074928,0.92653084,LHWPR,2,esm2_150m:L1M;W3R;esm2_35m:L1M;W3R;esm2_8m:L1M;W3R,LHWPR,2,screen_pass,695.852,-2.9109,323.41,21
52,MHWRR,3,esm2_150m;esm2_35m;esm2_8m,97,79,-2.45089416,0.89638595,LHWPR,2,esm2_150m:L1M;P4R;esm2_35m:L1M;P4R;esm2_8m:L1M;P4R,LHWPR,2,screen_pass,784.949,-1.6931,347.99,24
53,MPSTAF,3,esm2_150m;esm2_35m;esm2_8m,97,81,-2.45115519,0.67393509,SPGTAF,2,esm2_150m:S1M;G3S;esm2_35m:S1M;G3S;esm2_8m:S1M;G3S,SPGTAF,2,screen_pass,652.771,-2.2827,240.49,17
54,PPLPP,2,esm2_35m;esm2_8m,1,1,-1.64036794,1.29640546,PGLPQ,2,esm2_35m:G2P;Q5P;esm2_8m:G2P;Q5P,APVPP,2,screen_pass,519.643,0.3269,139.36,8
55,MAGPG,2,esm2_150m;esm2_35m,10,4,-2.16609507,0.72871342,MFGPQ,2,esm2_150m:F2A;Q5G;esm2_35m:F2A;Q5G,MFGPQ,2,screen_pass,431.515,-2.1205,170.93,11
56,SSSP,2,esm2_150m;esm2_8m,14.5,12,-2.17589164,1.02858912,IYSP,2,esm2_150m:I1S;Y2S;esm2_8m:I1S;Y2S,AGSP,2,screen_pass,376.366,-4.6642,202.52,9
57,MFLPS,2,esm2_150m;esm2_8m,17,15,-2.18882275,0.65958881,MFGPQ,2,esm2_150m:G3L;Q5S;esm2_8m:G3L;Q5S,LHLPS,2,screen_pass,593.747,-0.1221,191.16,16
58,MAGPS,2,esm2_150m;esm2_8m,20,14,-2.19804497,0.65036659,MFGPQ,2,esm2_150m:F2A;Q5S;esm2_8m:F2A;Q5S,MFGPQ,2,screen_pass,461.541,-2.7596,191.16,12
59,MFGGG,2,esm2_150m;esm2_35m,20.5,7,-2.19522496,0.69958353,MFGPQ,2,esm2_150m:P4G;Q5G;esm2_35m:P4G;Q5G,MFGPQ,2,screen_pass,467.548,-1.7725,179.72,14
60,PLLPP,2,esm2_35m;esm2_8m,25.5,6,-2.18774633,0.74902706,PGLPQ,2,esm2_35m:G2L;Q5P;esm2_8m:G2L;Q5P,FLVPP,2,screen_pass,535.686,0.8668,148.15,11
61,MFSPS,2,esm2_150m;esm2_8m,32,21,-2.2390275,0.60938406,MFGPQ,2,esm2_150m:G3S;Q5S;esm2_8m:G3S;Q5S,MFGPQ,2,screen_pass,567.665,-2.1759,211.39,15
62,MPGTAG,2,esm2_150m;esm2_35m,33.5,17,-2.27783966,0.89230824,SPGTAF,2,esm2_150m:S1M;F6G;esm2_35m:S1M;F6G,SPGTAF,2,screen_pass,532.62,-3.2549,220.26,14
63,MGLPP,2,esm2_35m;esm2_8m,34,20,-2.25335264,0.68342075,PGLPQ,2,esm2_35m:P1M;Q5P;esm2_8m:P1M;Q5P,LALPP,2,screen_pass,513.661,-0.2195,162.14,12
64,MAGGQ,2,esm2_150m;esm2_35m,36.5,26,-2.28173513,0.61307335,MFGPQ,2,esm2_150m:F2A;P4G;esm2_35m:F2A;P4G,FAGGP,2,screen_pass,462.529,-3.3612,222.81,15
65,MPGLS,2,esm2_150m;esm2_8m,39.5,38,-2.2698369,1.00551996,YPGLQ,2,esm2_150m:Y1M;Q5S;esm2_8m:Y1M;Q5S,YPGLQ,2,screen_pass,503.622,-1.7334,191.16,14
66,MSWPR,2,esm2_150m;esm2_8m,41.5,16,-2.26303119,1.07437763,LHWPR,2,esm2_150m:L1M;H2S;esm2_8m:L1M;H2S,LHWPR,2,screen_pass,675.813,-1.4236,268.85,18
67,MFGLG,2,esm2_150m;esm2_35m,46,30,-2.31043367,0.58437481,MFGPQ,2,esm2_150m:P4L;Q5G;esm2_35m:P4L;Q5G,MFLG,1,screen_pass,523.656,-0.3578,179.72,16
68,MFGGL,2,esm2_150m;esm2_35m,47,19,-2.31026249,0.584546,MFGPQ,2,esm2_150m:P4G;Q5L;esm2_35m:P4G;Q5L,MFGPQ,2,screen_pass,523.656,-0.3578,179.72,16
69,MFFPS,2,esm2_150m;esm2_8m,48,41,-2.29073753,0.55767403,MFGPQ,2,esm2_150m:G3F;Q5S;esm2_8m:G3F;Q5S,MFGPQ,2,screen_pass,627.764,0.0745,191.16,16
70,MSGLQ,2,esm2_150m;esm2_8m,57,44,-2.33131351,0.7617815,MFGPQ;YPGLQ,2,esm2_150m:F2S;P4L;esm2_8m:Y1M;P2S,MFGPQ,2,screen_pass,534.636,-2.9741,243.04,18
71,MLPEL,2,esm2_35m;esm2_8m,58,52,-2.33382253,0.92293443,SLPEW,2,esm2_35m:S1M;W5L;esm2_8m:S1M;W5L,FYPEL,2,screen_pass,601.767,0.5538,208.23,18
72,MFGLS,2,esm2_150m;esm2_8m,58,50,-2.32747211,0.52093945,MFGPQ,2,esm2_150m:P4L;Q5S;esm2_8m:P4L;Q5S,MFGPQ,2,screen_pass,553.682,-0.9969,199.95,17
73,MFGSS,2,esm2_150m;esm2_8m,59,53,-2.32361211,0.52479944,MFGPQ,2,esm2_150m:P4S;Q5S;esm2_8m:P4S;Q5S,MFGPQ,2,screen_pass,527.6,-3.0507,220.18,16
74,MLGPS,2,esm2_150m;esm2_8m,59.5,55,-2.33149395,0.51691761,MFGPQ,2,esm2_150m:F2L;Q5S;esm2_8m:F2L;Q5S,MFGPQ,2,screen_pass,503.622,-1.7334,191.16,14
75,PGAPG,2,esm2_150m;esm2_35m,60.5,46,-2.35320483,0.65080347,PGLPQ,2,esm2_150m:L3A;Q5G;esm2_35m:L3A;Q5G,PGLPQ,2,screen_pass,397.432,-2.4489,156.94,8
76,PGPPP,2,esm2_35m;esm2_8m,61,13,-2.30503846,0.63173495,PGLPQ,2,esm2_35m:L3P;Q5P;esm2_8m:L3P;Q5P,GPPP,1,screen_pass,463.535,-1.0878,139.36,6
77,PSLPP,2,esm2_35m;esm2_8m,67.5,42,-2.35436821,0.58240519,PGLPQ,2,esm2_35m:G2S;Q5P;esm2_8m:G2S;Q5P,LALPP,2,screen_pass,509.604,-1.187,168.38,10
78,MGGPL,2,esm2_35m;esm2_8m,80,69,-2.40085583,0.44251375,MFGPQ,2,esm2_35m:F2G;Q5L;esm2_8m:F2G;Q5L,MFGPQ,2,screen_pass,473.596,-1.0943,170.93,13
79,MLPEK,2,esm2_150m;esm2_35m,82.5,76,-2.4234458,0.8881051,SLPEW,2,esm2_150m:S1M;W5K;esm2_35m:S1M;W5K,MLPAY,2,screen_pass,616.782,-0.3633,234.25,20
80,MGGSQ,2,esm2_35m;esm2_8m,82.5,71,-2.3942936,0.44907599,MFGPQ,2,esm2_35m:F2G;P4S;esm2_8m:F2G;P4S,IGGSI,2,screen_pass,478.528,-4.3888,243.04,16
