ablation_id,sequence,label,ablation_rank,ablation_score
full,IPP,digestome_known_positive,4,1.0
full,LKP,known_positive,6,1.0
full,VPP,digestome_known_positive,11,1.0
full,LKPNM,known_positive,104,0.836647
no_prodrug_triad,IPP,digestome_known_positive,26,0.88
no_prodrug_triad,LKP,known_positive,28,0.88
no_prodrug_triad,VPP,digestome_known_positive,33,0.88
no_prodrug_triad,LKPNM,known_positive,349,0.716647
no_cterm_proline_bonus,IPP,digestome_known_positive,18,0.88
no_cterm_proline_bonus,LKP,known_positive,20,0.88
no_cterm_proline_bonus,VPP,digestome_known_positive,25,0.88
no_cterm_proline_bonus,LKPNM,known_positive,48,0.836647
no_position_priors,LKPNM,known_positive,326,0.316647
no_position_priors,LKP,known_positive,883,0.28
no_position_priors,IPP,digestome_known_positive,7362,0.16
no_position_priors,VPP,digestome_known_positive,7364,0.16
composition_only,LKP,known_positive,55,0.390029
composition_only,LKPNM,known_positive,343,0.316647
composition_only,IPP,digestome_known_positive,445,0.307748
composition_only,VPP,digestome_known_positive,531,0.307748
random_hash_baseline,IPP,digestome_known_positive,5279,0.675334
random_hash_baseline,LKP,known_positive,6054,0.627482
random_hash_baseline,VPP,digestome_known_positive,12231,0.250792
random_hash_baseline,LKPNM,known_positive,15121,0.073557
