sequence,target,activity_class,source_material,generation_context,evidence_type,reference_url,notes
TLFGL,ACE,ACE inhibitory peptide,Takifugu flavidus hydrolysate,LC-MS/MS identification synthesis and ACE IC50 assay,v6_independent_primary_literature,https://doi.org/10.3390/md21100522,Table 2 reports IC50 57.5 uM.
TLRFALHGME,ACE,ACE inhibitory peptide,Takifugu flavidus hydrolysate,LC-MS/MS identification synthesis and ACE IC50 assay,v6_independent_primary_literature,https://doi.org/10.3390/md21100522,Table 2 reports IC50 93.5 uM.
YVLL,ACE,ACE inhibitory peptide,Takifugu flavidus hydrolysate,LC-MS/MS identification synthesis and ACE IC50 assay,v6_independent_primary_literature,https://doi.org/10.3390/md21100522,Table 2 reports IC50 153.8 uM.
TVLL,ACE,ACE inhibitory peptide,Takifugu flavidus hydrolysate,LC-MS/MS identification synthesis and ACE IC50 assay,v6_independent_primary_literature,https://doi.org/10.3390/md21100522,Table 2 reports IC50 582.1 uM.
SAAL,ACE,ACE inhibitory peptide,Takifugu flavidus hydrolysate,LC-MS/MS identification synthesis and ACE IC50 assay,v6_independent_primary_literature,https://doi.org/10.3390/md21100522,Table 2 reports IC50 882.9 uM.
TFTGA,ACE,ACE inhibitory peptide,Takifugu flavidus hydrolysate,LC-MS/MS identification synthesis and ACE IC50 assay,v6_independent_primary_literature,https://doi.org/10.3390/md21100522,Table 2 reports IC50 694.3 uM.
VLGA,ACE,ACE inhibitory peptide,Takifugu flavidus hydrolysate,LC-MS/MS identification synthesis and ACE IC50 assay,v6_independent_primary_literature,https://doi.org/10.3390/md21100522,Table 2 reports IC50 1372.9 uM.
RSTGALAL,ACE,ACE inhibitory peptide,Takifugu flavidus hydrolysate,LC-MS/MS identification synthesis and ACE IC50 assay,v6_independent_primary_literature,https://doi.org/10.3390/md21100522,Table 2 reports IC50 5837.5 uM.
EAPLNPKANR,ACE,ACE inhibitory peptide,Cangkuk fermented beef,LC-MS/MS identification synthesis and ACE IC50 assay,v6_independent_primary_literature,https://doi.org/10.5713/ab.23.0433,Primary paper reports IC50 44.6 uM.
IVG,ACE,ACE inhibitory peptide,Cangkuk fermented beef,LC-MS/MS identification synthesis and ACE IC50 assay,v6_independent_primary_literature,https://doi.org/10.5713/ab.23.0433,Primary paper reports IC50 97.3 uM.
FWG,ACE,ACE inhibitory peptide,porcine liver and placenta hydrolysate,peptidomics synthesis and ACE IC50 assay,v6_independent_primary_literature,https://doi.org/10.3390/molecules30030754,Primary paper reports IC50 470 uM.
MFLG,ACE,ACE inhibitory peptide,porcine liver and placenta hydrolysate,peptidomics synthesis and ACE IC50 assay,v6_independent_primary_literature,https://doi.org/10.3390/molecules30030754,Primary paper reports IC50 70 uM.
SDPPLVFVG,ACE,ACE inhibitory peptide,porcine liver and placenta hydrolysate,peptidomics synthesis and ACE IC50 assay,v6_independent_primary_literature,https://doi.org/10.3390/molecules30030754,Primary paper reports IC50 1160 uM.
FFNDA,ACE,ACE inhibitory peptide,porcine liver and placenta hydrolysate,peptidomics synthesis and ACE IC50 assay,v6_independent_primary_literature,https://doi.org/10.3390/molecules30030754,Primary paper reports IC50 830 uM.
PW,ACE,ACE inhibitory peptide,maize germ protein hydrolysate,LC-MS/MS identification synthesis and ACE IC50 assay,v6_independent_primary_literature,https://doi.org/10.1016/j.lwt.2023.115254,Primary paper reports IC50 1.48 mM.
VTLL,ACE,ACE inhibitory peptide,maize germ protein hydrolysate,LC-MS/MS identification synthesis and ACE IC50 assay,v6_independent_primary_literature,https://doi.org/10.1016/j.lwt.2023.115254,Primary paper reports IC50 2.24 mM.
LPGP,ACE,ACE inhibitory peptide,maize germ protein hydrolysate,LC-MS/MS identification synthesis and ACE IC50 assay,v6_independent_primary_literature,https://doi.org/10.1016/j.lwt.2023.115254,Primary paper reports IC50 2.06 mM.
SPGTAF,ACE,ACE inhibitory peptide,maize germ protein hydrolysate,LC-MS/MS identification synthesis and ACE IC50 assay,v6_independent_primary_literature,https://doi.org/10.1016/j.lwt.2023.115254,Primary paper reports IC50 2.31 mM.
YPGLQ,ACE,ACE inhibitory peptide,Tenebrio molitor protein hydrolysate,LC-MS/MS identification synthesis and ACE IC50 assay,v6_independent_primary_literature,https://doi.org/10.26599/FSHW.2025.9250609,Primary paper reports IC50 0.8560 mM.
PGLPQ,ACE,ACE inhibitory peptide,Tenebrio molitor protein hydrolysate,LC-MS/MS identification synthesis and ACE IC50 assay,v6_independent_primary_literature,https://doi.org/10.26599/FSHW.2025.9250609,Primary paper reports IC50 1.0300 mM.
MFGPQ,ACE,ACE inhibitory peptide,Tenebrio molitor protein hydrolysate,LC-MS/MS identification synthesis and ACE IC50 assay,v6_independent_primary_literature,https://doi.org/10.26599/FSHW.2025.9250609,Primary paper reports IC50 0.8558 mM.
NLGPR,ACE,ACE inhibitory peptide,Tenebrio molitor protein hydrolysate,LC-MS/MS identification synthesis and ACE IC50 assay,v6_independent_primary_literature,https://doi.org/10.26599/FSHW.2025.9250609,Primary paper reports IC50 0.4709 mM.
IPPAYTK,ACE,ACE inhibitory peptide,broccoli protein hydrolysate,LC-MS/MS identification synthesis digestion and ACE IC50 assay,v6_independent_primary_literature,https://doi.org/10.1021/acs.jafc.9b01137,Primary paper reports IC50 23.5 uM before digestion.
LVLPGELAK,ACE,ACE inhibitory peptide,broccoli protein hydrolysate,LC-MS/MS identification synthesis digestion and ACE IC50 assay,v6_independent_primary_literature,https://doi.org/10.1021/acs.jafc.9b01137,Primary paper reports IC50 184.0 uM before digestion.
TFQGPPHGIQVER,ACE,ACE inhibitory peptide,broccoli protein hydrolysate,LC-MS/MS identification synthesis digestion and ACE IC50 assay,v6_independent_primary_literature,https://doi.org/10.1021/acs.jafc.9b01137,Primary paper reports IC50 3.4 uM before digestion.
LVLPGE,ACE,ACE inhibitory peptide,broccoli protein hydrolysate,GI digestion release synthesis and ACE IC50 assay,v6_independent_primary_literature,https://doi.org/10.1021/acs.jafc.9b01137,Primary paper reports digestion-released peptide IC50 13.5 uM.
LAK,ACE,ACE inhibitory peptide,broccoli protein hydrolysate,GI digestion release synthesis and ACE IC50 assay,v6_independent_primary_literature,https://doi.org/10.1021/acs.jafc.9b01137,Primary paper reports digestion-released peptide IC50 48.0 uM.
SLPEW,ACE,ACE inhibitory peptide,alpha-lactalbumin hydrolysate,in vitro in silico screening synthesis and ACE IC50 assay,v6_independent_primary_literature,https://doi.org/10.1016/j.lwt.2021.112984,Primary paper reports this five-peptide set has IC50 values from 6.94 to 17.5 uM.
VGINYW,ACE,ACE inhibitory peptide,alpha-lactalbumin hydrolysate,in vitro in silico screening synthesis and ACE IC50 assay,v6_independent_primary_literature,https://doi.org/10.1016/j.lwt.2021.112984,Primary paper reports this five-peptide set has IC50 values from 6.94 to 17.5 uM.
LDQWL,ACE,ACE inhibitory peptide,alpha-lactalbumin hydrolysate,in vitro in silico screening synthesis and ACE IC50 assay,v6_independent_primary_literature,https://doi.org/10.1016/j.lwt.2021.112984,Primary paper reports this five-peptide set has IC50 values from 6.94 to 17.5 uM.
VNDYLNW,ACE,ACE inhibitory peptide,Torreya grandis protein hydrolysate,affinity purification synthesis and ACE IC50 assay,v6_independent_primary_literature,https://doi.org/10.3390/nu15102374,Primary paper reports IC50 205.98 uM and mixed-type inhibition.
HWS,ACE,ACE inhibitory peptide,peony seed protein hydrolysate,LC-MS/MS identification synthesis and ACE IC50 assay,v6_independent_primary_literature,https://www.sciencedirect.com/science/article/pii/S1756464622002213,Primary paper reports IC50 0.640 mg/mL.
VLSGF,ACE,ACE inhibitory peptide,peony seed protein hydrolysate,LC-MS/MS identification synthesis and ACE IC50 assay,v6_independent_primary_literature,https://www.sciencedirect.com/science/article/pii/S1756464622002213,Primary paper reports IC50 0.328 mg/mL.
AVKVL,ACE,ACE inhibitory peptide,hazelnut protein hydrolysate,LC-MS/MS identification synthesis and ACE IC50 assay,v6_independent_primary_literature,https://www.sciencedirect.com/science/article/abs/pii/S1756464616303942,Primary paper reports IC50 73.06 uM.
YLVR,ACE,ACE inhibitory peptide,hazelnut protein hydrolysate,LC-MS/MS identification synthesis and ACE IC50 assay,v6_independent_primary_literature,https://www.sciencedirect.com/science/article/abs/pii/S1756464616303942,Primary paper reports IC50 15.42 uM.
TLVGR,ACE,ACE inhibitory peptide,hazelnut protein hydrolysate,LC-MS/MS identification synthesis and ACE IC50 assay,v6_independent_primary_literature,https://www.sciencedirect.com/science/article/abs/pii/S1756464616303942,Primary paper reports IC50 249.3 uM.
PGAR,ACE,ACE inhibitory peptide,Salmo salar protein hydrolysate,LC-MS/MS identification synthesis and ACE IC50 assay,v6_independent_primary_literature,https://doi.org/10.1002/jsfa.8908,Primary paper reports IC50 0.598 mM.
IGPR,ACE,ACE inhibitory peptide,Salmo salar protein hydrolysate,LC-MS/MS identification synthesis and ACE IC50 assay,v6_independent_primary_literature,https://doi.org/10.1002/jsfa.8908,Primary paper reports IC50 0.43 mM.
NDRP,ACE,ACE inhibitory peptide,soybean protein hydrolysate,peptidomics synthesis and ACE IC50 assay,v6_independent_primary_literature,https://doi.org/10.3390/foods11172667,Primary paper reports IC50 148.28 ug/mL.
HLHT,ACE,ACE inhibitory peptide,pearl oyster meat hydrolysate,purification synthesis inhibition kinetics and ACE IC50 assay,v6_independent_primary_literature,https://pmc.ncbi.nlm.nih.gov/articles/PMC6723713/,Primary paper reports IC50 452.23 uM.
GWA,ACE,ACE inhibitory peptide,pearl oyster meat hydrolysate,purification synthesis inhibition kinetics and ACE IC50 assay,v6_independent_primary_literature,https://pmc.ncbi.nlm.nih.gov/articles/PMC6723713/,Primary paper reports IC50 98.92 uM.
LLRP,ACE,ACE inhibitory peptide,tuna meat hydrolysate,computer-assisted screening synthesis and ACE IC50 assay,v6_independent_primary_literature,https://doi.org/10.1021/acs.jafc.6c03183,Primary paper reports IC50 3.44 uM.
LHWPR,ACE,ACE inhibitory peptide,tuna meat hydrolysate,computer-assisted screening synthesis and ACE IC50 assay,v6_independent_primary_literature,https://doi.org/10.1021/acs.jafc.6c03183,Primary paper reports IC50 17.67 uM.
RFLR,ACE,ACE inhibitory peptide,tuna meat hydrolysate,computer-assisted screening synthesis and ACE IC50 assay,v6_independent_primary_literature,https://doi.org/10.1021/acs.jafc.6c03183,Primary paper reports IC50 42.52 uM.
FVLNSPY,ACE,ACE inhibitory peptide,tree bean seed protein hydrolysate,activity-guided fractionation synthesis and ACE IC50 assay,v6_independent_primary_literature,https://doi.org/10.1007/s00217-025-05009-0,Primary paper reports IC50 72.3 uM.
GVLY,ACE,ACE inhibitory peptide,hemp seed protein hydrolysate,RP-HPLC NMR LC-MS synthesis and ACE IC50 assay,v6_independent_primary_literature,https://doi.org/10.1021/acs.jafc.7b04522,Primary paper reports IC50 16 uM.
LGV,ACE,ACE inhibitory peptide,hemp seed protein hydrolysate,RP-HPLC NMR LC-MS synthesis and ACE IC50 assay,v6_independent_primary_literature,https://doi.org/10.1021/acs.jafc.7b04522,Primary paper reports IC50 145 uM.
RVR,ACE,ACE inhibitory peptide,hemp seed protein hydrolysate,RP-HPLC NMR LC-MS synthesis and ACE IC50 assay,v6_independent_primary_literature,https://doi.org/10.1021/acs.jafc.7b04522,Primary paper reports IC50 526 uM.
ICY,ACE,ACE inhibitory peptide,monkfish swim bladder collagen hydrolysate,isolation characterization synthesis and ACE IC50 assay,v6_independent_primary_literature,https://doi.org/10.3389/fnut.2022.957778,Primary paper reports IC50 0.48 mg/mL.
LSFR,ACE,ACE inhibitory peptide,monkfish swim bladder collagen hydrolysate,isolation characterization synthesis and ACE IC50 assay,v6_independent_primary_literature,https://doi.org/10.3389/fnut.2022.957778,Primary paper reports IC50 0.59 mg/mL.
IYSP,ACE,ACE inhibitory peptide,monkfish swim bladder collagen hydrolysate,isolation characterization synthesis and ACE IC50 assay,v6_independent_primary_literature,https://doi.org/10.3389/fnut.2022.957778,Primary paper reports IC50 0.76 mg/mL.
AEYLCEAC,ACE,ACE inhibitory peptide,oyster hydrolysate,in silico screening synthesis and ACE IC50 assay,v6_independent_primary_literature,https://doi.org/10.3389/fnut.2022.981163,Primary paper reports IC50 4.287 mM.
